Titre,Prix,Notes,Type
PRL Smart Light Weight Checkboard Button Down Long Sleeve Shirt- Red,"₦19,999.00
",3.9,Chemise
PRL Smart Light Weight Checkboard Button Down Long Sleeve Shirt- Sky Blue,"₦19,999.00
",1.8,Chemise
PRL Smart Light Weight Checkboard Button Down Long Sleeve Shirt- Black,"₦19,999.00
",1.9,Chemise
PRL Smart Light Weight Checkboard Button Down Long Sleeve Shirt- Blue,"₦19,999.00
",4.9,Chemise
PRL Essential Men's Custom Fit Striped Long Sleeve Shirt- Blue,"₦34,999.00
",1.1,Chemise
PRL Essential Men's Custom Fit Striped Long Sleeve Shirt- Ash,"₦34,999.00
",2.2,Chemise
PRL Essential Men's Custom Fit Striped Long Sleeve Shirt- White,"₦34,999.00
",1.8,Chemise
PRL Bishop Collar Button Down Men's Long Sleeve Shirt - Navy Blue,"₦29,999.00
",1.3,Chemise
PRL Bishop Collar Button Down Men's Long Sleeve Shirt - Green,"₦29,999.00
",3.6,Chemise
PRL Bishop Collar Button Down Men's Long Sleeve Shirt - Grey,"₦29,999.00
",4.8,Chemise
PRL Bishop Collar Button Down Men's Long Sleeve Shirt - Black,"₦29,999.00
",1.5,Chemise
PRL Bishop Collar Button Down Men's Long Sleeve Shirt - Yellow,"₦29,999.00
",4.8,Chemise
PRL Bishop Collar Button Down Men's Long Sleeve Shirt - White,"₦29,999.00
",2.8,Chemise
PRL Bishop Collar Button Down Men's Long Sleeve Shirt - Khaki,"₦29,999.00
",3.1,Chemise
PRL Bishop Collar Button Down Men's Long Sleeve Shirt - Wine,"₦29,999.00
",4.8,Chemise
PRL Bishop Collar Button Down Men's Long Sleeve Shirt - Sky Blue,"₦29,999.00
",4.8,Chemise
Lcost Premium Men's Fit White Navy Blue Cotton Shirt,"₦31,999.00
",4.8,Chemise
Lcost Side Crocodile Logo Front Bold Strip Shirt- White,"₦29,999.00
",4.4,Chemise
Lcoste Blocked Stripped White Blue Cotton Long Sleeve,"₦34,999.00
",2.0,Chemise
Lcost Premium Men's Fit White Pink Short Sleeve Shirt,"₦29,999.00
",3.3,Chemise
Lcost Premium Men's Fit White Blue Short Sleeve Shirt,"₦29,999.00
",3.4,Chemise
Lcost Side Crocodile Logo Front Bold Strip Shirt- Wine,"₦29,999.00
",4.0,Chemise
Lcost Side Stripe Panel Button Down Shirt- Grey White,"₦31,999.00
",2.4,Chemise
Lcost Side Stripe Panel Button Down Shirt- Pink White,"₦31,999.00
",1.7,Chemise
Lcost Shirt Side Crocodile Logo Button Down - Blue,"₦31,999.00
",4.7,Chemise
Lcost Shirt Side Crocodile Logo Button Down - Navy Blue,"₦31,999.00
",2.0,Chemise
Lcost Shirt Side Crocodile Logo Button Down - Yellow,"₦31,999.00
",4.0,Chemise
Lcost Shirt Side Crocodile Logo Button Down - Black,"₦31,999.00
",3.1,Chemise
Lcost Shirt Side Crocodile Logo Button Down - White,"₦31,999.00
",2.9,Chemise
Lcost Men's Striped Lightweight Cotton Short Sleeve Shirt - Ash,"₦29,999.00
",2.4,Chemise
Lcost Men's Striped Lightweight Cotton Short Sleeve Shirt - Grey,"₦29,999.00
",3.9,Chemise
Lcost Side Crocodile Logo Front Bold Strip Shirt- Navy Blue,"₦29,999.00
",1.9,Chemise
HF Flag Striped Cotton Long Sleeve Button Down - Navyblue,"₦33,999.00
",1.5,Chemise
HF Flag Striped Cotton Long Sleeve Button Down - Skyblue,"₦33,999.00
",2.7,Chemise
Lcost Premium Men's Fit Navy Blue White Green Cotton Shirt,"₦31,999.00
",3.8,Chemise
Lcost Side Stripe Panel Button Down Shirt- Blue White,"₦31,999.00
",1.1,Chemise
Lcoste Blocked Stripped Oxford Cotton  Long Sleeve,"₦34,999.00
",3.7,Chemise
Lcost Shirt Side Crocodile Logo Button Down - Grey,"₦31,999.00
",3.4,Chemise
Lcost Men's Striped Lightweight Cotton Short Sleeve Shirt - Blue,"₦29,999.00
",3.6,Chemise
PRL Custom Fit Long Sleeve Striped Cotton Shirt- Pink,"₦31,999.00
",3.0,Chemise
Herm Lightweight Comfort All Seasons Trendy Slippers-Black,"₦41,999.00
",4.0,Chaussure
Herm Paris Izmir Lightweight Plain Leather Slippers- Coffee,"₦41,999.00
",2.8,Chaussure
Herm Paris Created Logo Leather Ultralightweight Slippers,"₦41,999.00
",3.2,Chaussure
Herm Comfortable Trending Latest Premium Slippers,"₦42,999.00
",3.1,Chaussure
Bottega Veneta Stylish Lightweight Comfortable Slippers -Coffee,"₦41,999.00
",1.6,Chaussure
Bottega Veneta Coffee Synthetic Leather Daily Casual Slippers,"₦39,999.00
",3.6,Chaussure
Bottega Veneta Flip Flops  Woven Leather Slippers- Brown,"₦39,999.00
",4.0,Chaussure
Bottega Veneta Two Step Woven Leather Designed Sandals,"₦42,999.00
",2.7,Chaussure
Bottega Veneta Stone Spot Leather Slippers,"₦41,999.00
",1.8,Chaussure
Bottega Veneta Woven Leather Designed Slippers,"₦39,999.00
",2.6,Chaussure
GC Created Leather Gold Logo Slippers- Black,"₦39,999.00
",2.6,Chaussure
GC Horse Bit Gold Logo Sandals- Black,"₦42,999.00
",3.3,Chaussure
NK Jord 1 Low Black Phantom Sneakers -Black,"₦62,999.00
",1.3,Chaussure
Pm Future Moto Sport GT Green Sole Sneakers- White,"₦63,999.00
",3.5,Chaussure
LCOSTE Hapona Sole Created Crocodile Sneakers - White,"₦62,999.00
",4.0,Chaussure
Pm Future Moto Sport GT Red Sole Sneakers- White,"₦63,999.00
",2.9,Chaussure
PM BMW Motorsport White R Cat Machina Sneakers,"₦62,999.00
",5.0,Chaussure
PM Red Bull Racing Formula One Team Sneakers,"₦62,999.00
",2.3,Chaussure
PM Petronas Motorsport Benz Logo Sneakers- White,"₦62,999.00
",3.8,Chaussure
PM Red Drift Cat Decima Motorsport White Sneakers,"₦62,999.00
",2.6,Chaussure
Lcoste Herren Crocodile Side Logo Sneakers- White,"₦62,999.00
",1.4,Chaussure
NK 1 Low N7 LV8 Utility Venom Suede Patterned Sneakers - Black Green,"₦61,999.00
",2.9,Chaussure
PM Green Drift Cat Decima Motorsport White Sneakers,"₦62,999.00
",4.0,Chaussure
NK 1 Low N7 LV8 Utility Suede Patterned Sneakers - Cream Colored,"₦63,999.00
",3.0,Chaussure
AD Samba OG 3 Stripes Low Sneakers- Black Brown,"₦61,999.00
",4.1,Chaussure
PM Green Drift Cat Decima Motorsport Black Sneakers,"₦62,999.00
",2.9,Chaussure
NK Max LTD 3 Side Logo Patterned All Black Sneakers,"₦64,999.00
",1.9,Chaussure
PM BMW Motorsport R Cat Machina Sneakers - Black Navyblue,"₦62,999.00
",3.9,Chaussure
PM AMG Green Petronas Formula One Team Sneakers,"₦62,999.00
",3.9,Chaussure
AD Traxion Summer 3 Stripes Sneakers- Black,"₦59,999.00
",4.3,Chaussure
NK SB Dunk Low Pro Mixed Green Sneakers,"₦63,999.00
",1.2,Chaussure
PM Petronas Motorsport Benz Logo Sneakers,"₦62,999.00
",2.3,Chaussure
Lcoste Herren Crocodile Side Logo Sneakers- Black,"₦62,999.00
",3.5,Chaussure
NK 1 Low Jack Cats Balanced Sneakers - Multi Colored,"₦63,999.00
",4.8,Chaussure
NK 1 Low N7 LV8 Utility Light Brown Sneakers,"₦63,999.00
",3.5,Chaussure
AD Terrex Daroga 3 Stripe Lines Designed Sneakers Black White,"₦59,999.00
",3.9,Chaussure
Lcoste Herren Crocodile Side Logo Sneakers- Navyblue,"₦62,999.00
",4.9,Chaussure
Pm Future Moto Sport GT Green Sole Sneakers,"₦63,999.00
",1.7,Chaussure
AD Samba OG 3 Stripes Low Sneakers- Black Beige,"₦61,999.00
",2.0,Chaussure
NK 1 Low N7 LV8 Utility Balanced Sneakers - Multi Color,"₦63,999.00
",1.7,Chaussure
PRL Classic Striped Big Pony Rugby Logo Shirt- White Navy Blue Red,"₦24,999.00
",4.2,Polo
PRL Striped Cotton Small Pony Mesh Polo Shirt - Red White Navy Blue,"₦24,999.00
",4.0,Polo
PRL Striped Cotton Small Pony Mesh Polo Shirt- White Navy Blue Red,"₦24,999.00
",3.3,Polo
PRL Striped Cotton Small Pony Mesh Polo Shirt,"₦24,999.00
",1.8,Polo
PRL Classic Striped Big Pony Rugby Logo Shirt- White Navy Blue Royal Blue,"₦24,999.00
",3.9,Polo
PRL Classic Striped Big Pony Rugby Logo Shirt- White Navy Blue Orange,"₦24,999.00
",1.5,Polo
Ver Jeans Couture Designed Monogram Medusa Logo Polo Shirt- Black,"₦24,999.00
",4.5,Polo
Lv Side Monogram Created Logo Polo  Shirt- Green,"₦24,999.00
",1.8,Polo
Bur Berry London England Plain Designed Polo Shirt - Black,"₦24,999.00
",2.2,Polo
Bur Berry London England Plain Designed Polo Shirt - Ash,"₦24,999.00
",2.7,Polo
GUC Classic Side crested Logo Striped Collar Polo- Wine,"₦24,999.00
",2.5,Polo
GUC Classic Side crested Logo Striped Collar Polo- White,"₦24,999.00
",3.8,Polo
GUC Classic Side crested Logo Striped Collar Polo- Black,"₦24,999.00
",4.6,Polo
Tommy HF Establishment H5 Designed Logo Polo Shirt- Red,"₦24,999.00
",4.0,Polo
Tommy HF Establishment H5 Designed Logo Polo Shirt- White,"₦24,999.00
",1.9,Polo
FD Roma Classic Designer Collar Iron Logo Polo- Black,"₦21,999.00
",1.4,Polo
Tommy HF Side crested Flag Logo Polo- Black,"₦21,999.00
",1.3,Polo
Psy Bunny Collar Striped Essential Regular Fit Polo- Wine,"₦21,999.00
",2.5,Polo
Lacost Blocked Layout Monogram Crocodile Logo Polo - Navy-blue White,"₦21,999.00
",2.1,Polo
Lacost Blocked Layout Monogram Crocodile Logo Polo - Red White,"₦21,999.00
",4.8,Polo
Lacost Smart Blocked Pattern Crocodile Logo Designed Polo - White Red,"₦21,999.00
",3.9,Polo
Lacost Smart Blocked Pattern Crocodile Logo Designed Polo - White Royal blue,"₦21,999.00
",1.6,Polo
PRA Milano Created Logo Signature Designed Polo- Navy Blue,"₦21,999.00
",1.6,Polo
PRA Milano Created Logo Signature Designed Polo- Black,"₦21,999.00
",4.1,Polo
PP Luxury Logo Designed Collar Polo- White,"₦21,999.00
",4.5,Polo
PP Luxury Logo Designed Collar Polo- Black,"₦21,999.00
",2.6,Polo
FD Roma Classic Designer Collar Iron Logo Polo- White,"₦21,999.00
",3.0,Polo
Giv Logo Designed Custom Fit Collar Polo - Ash Blue,"₦21,999.00
",2.3,Polo
Giv Logo Designed Custom Fit Collar Polo - Black White,"₦21,999.00
",2.2,Polo
FD Multi Colors Collar Side Designer Eye Logo- Ash,"₦21,999.00
",2.5,Polo
FD Multi Colors Collar Side Designer Eye Logo- Black,"₦21,999.00
",2.9,Polo
Giv Logo Designed Custom Fit Collar Polo - White Black,"₦21,999.00
",2.5,Polo
FD Multi Colors Collar Side Designer Eye Logo- White,"₦21,999.00
",4.0,Polo
Tommy HF Side crested Flag Logo Polo- White,"₦21,999.00
",3.5,Polo
Bur Berry London England Striped Collar Polo- White,"₦24,999.00
",3.1,Polo
Bur Berry London England Striped Collar Polo- Navy Blue,"₦21,999.00
",1.9,Polo
Bur Berry London England Striped Collar Polo-Black,"₦21,999.00
",1.6,Polo
Psy Bunny Collar Relax Striped Regular Fit Polo- Navy Blue,"₦21,999.00
",2.5,Polo
H Boss Regular Fit ColorBlock Signature Front Logo Designer-White Navy Blue,"₦21,999.00
",1.1,Polo
Psy Bunny Collar Relax Striped Regular Fit Polo- Black,"₦21,999.00
",2.2,Polo
NK Jord 1 Low Black Phantom Sneakers -Black,"₦62,999.00
",2.2,Sneakers
Pm Future Moto Sport GT Green Sole Sneakers- White,"₦63,999.00
",5.0,Sneakers
LCOSTE Hapona Sole Created Crocodile Sneakers - White,"₦62,999.00
",4.1,Sneakers
Pm Future Moto Sport GT Red Sole Sneakers- White,"₦63,999.00
",1.8,Sneakers
PM BMW Motorsport White R Cat Machina Sneakers,"₦62,999.00
",4.8,Sneakers
PM Red Bull Racing Formula One Team Sneakers,"₦62,999.00
",4.6,Sneakers
PM Petronas Motorsport Benz Logo Sneakers- White,"₦62,999.00
",2.2,Sneakers
PM Red Drift Cat Decima Motorsport White Sneakers,"₦62,999.00
",2.9,Sneakers
Lcoste Herren Crocodile Side Logo Sneakers- White,"₦62,999.00
",2.8,Sneakers
NK 1 Low N7 LV8 Utility Venom Suede Patterned Sneakers - Black Green,"₦61,999.00
",4.9,Sneakers
PM Green Drift Cat Decima Motorsport White Sneakers,"₦62,999.00
",2.4,Sneakers
NK 1 Low N7 LV8 Utility Suede Patterned Sneakers - Cream Colored,"₦63,999.00
",4.2,Sneakers
AD Samba OG 3 Stripes Low Sneakers- Black Brown,"₦61,999.00
",3.5,Sneakers
PM Green Drift Cat Decima Motorsport Black Sneakers,"₦62,999.00
",2.6,Sneakers
NK Max LTD 3 Side Logo Patterned All Black Sneakers,"₦64,999.00
",3.4,Sneakers
PM BMW Motorsport R Cat Machina Sneakers - Black Navyblue,"₦62,999.00
",1.3,Sneakers
PM AMG Green Petronas Formula One Team Sneakers,"₦62,999.00
",2.2,Sneakers
AD Traxion Summer 3 Stripes Sneakers- Black,"₦59,999.00
",4.9,Sneakers
NK SB Dunk Low Pro Mixed Green Sneakers,"₦63,999.00
",4.4,Sneakers
PM Petronas Motorsport Benz Logo Sneakers,"₦62,999.00
",3.9,Sneakers
Lcoste Herren Crocodile Side Logo Sneakers- Black,"₦62,999.00
",1.8,Sneakers
NK 1 Low Jack Cats Balanced Sneakers - Multi Colored,"₦63,999.00
",2.6,Sneakers
NK 1 Low N7 LV8 Utility Light Brown Sneakers,"₦63,999.00
",1.2,Sneakers
AD Terrex Daroga 3 Stripe Lines Designed Sneakers Black White,"₦59,999.00
",1.5,Sneakers
Lcoste Herren Crocodile Side Logo Sneakers- Navyblue,"₦62,999.00
",2.2,Sneakers
Pm Future Moto Sport GT Green Sole Sneakers,"₦63,999.00
",3.2,Sneakers
AD Samba OG 3 Stripes Low Sneakers- Black Beige,"₦61,999.00
",4.1,Sneakers
NK 1 Low N7 LV8 Utility Balanced Sneakers - Multi Color,"₦63,999.00
",4.3,Sneakers
AD Samba OG 3 Stripes Low Sneakers- Black,"₦61,999.00
",1.8,Sneakers
AD Gazelle 3 Stripes Side Designed Sneakers- Navy Blue,"₦61,999.00
",1.5,Sneakers
LCOSTE Hapona Sole Created Crocodile Sneakers Navyblue,"₦61,999.00
",4.7,Sneakers
Pm Future Moto Sport GT Sneakers -Black,"₦63,999.00
",1.0,Sneakers
PM Drift Cat BMW Motorsport Sneakers -Black,"₦62,999.00
",3.8,Sneakers
PM Motorsport Side BMW Logo Sneakers - Black,"₦62,999.00
",3.1,Sneakers
NK Max 720 Breathable Sneakers- Black Gold,"₦64,999.00
",3.3,Sneakers
PM BMW Motorsport R Cat Machina Sneakers Black,"₦62,999.00
",2.9,Sneakers
NK Max 720 Breathable Sneakers- Black Red,"₦64,999.00
",2.7,Sneakers
NK 1 Low N7 LV8 Utility Venom Suede Patterned Sneakers - Black,"₦61,999.00
",3.8,Sneakers
NK 1 Low N7 LV8 Utility Sneakers - Multi Colored,"₦63,999.00
",3.0,Sneakers
NK 1 Low N7 LV8 Utility Suede Patterned Sneakers - Multicolor,"₦61,999.00
",4.6,Sneakers
Kenz Lightweight Zip Up Men's Jacket - Navy Blue,"₦29,999.00
",4.8,Jacket
Kenz Lightweight Zip Up Men's Jacket - White,"₦29,999.00
",2.2,Jacket
Kenz Lightweight Zip Up Men's Jacket - Black,"₦29,999.00
",3.3,Jacket
FD Double Logo Designed Polythene Zip Down Hoodie Jacket- Black,"₦26,999.00
",3.6,Jacket
FD Full Hand Logo Designed Polythene Zip Down Hoodie Jacket- Black,"₦26,999.00
",2.9,Jacket
FD Full Hand Logo Designed Polythene Zip Down Hoodie Jacket- White,"₦26,999.00
",2.8,Jacket
BMW Moto Color Blocked Design Zip Down Hooded Polythene Men's Jacket- White,"₦26,999.00
",4.3,Jacket
FER Race T7 Hand Blocked Zip Down Polythene Hoodie Jacket- Black,"₦26,999.00
",3.7,Jacket
BMW Moto Color Blocked Design Zip Down Hooded Polythene Men's Jacket- Navy Blue,"₦26,999.00
",1.4,Jacket
FER Race T7 Side Designed Logo Zip Down Polythene Hoodie Jacket- NavyBlue,"₦26,999.00
",3.0,Jacket
BMW Moto Side Crested Zip Down Hooded Polythene Men's Jacket- White,"₦26,999.00
",3.9,Jacket
FER Race T7 Side Designed Logo Zip Down Polythene Hoodie Jacket- Black,"₦26,999.00
",3.2,Jacket
BMW Moto Side Crested Zip Down Hooded Polythene Men's Jacket- Navy Blue,"₦26,999.00
",5.0,Jacket
BMW Moto Side Crested Zip Down Hooded Polythene Men's Jacket- Black,"₦26,999.00
",4.8,Jacket
FER Race T7 Hand Blocked Zip Down Polythene Hoodie Jacket- Wine,"₦26,999.00
",1.5,Jacket
FER Race T7 Side Designed Logo Zip Down Polythene Hoodie Jacket- Wine,"₦26,999.00
",3.3,Jacket
FER Race T7 Side Designed Logo Zip Down Polythene Hoodie Jacket- White,"₦26,999.00
",1.4,Jacket
PP Side Branded And Logo Designed Jacket - White,"₦26,398.80
",5.0,Jacket
HF Custom Fit Logo Designed Multi Coloured Jacket,"₦26,398.80
",3.3,Jacket
EA7 Brand Designed Men's Jacket  - Red,"₦26,398.80
",4.4,Jacket
EA7 Brand Designed Men's Jacket  - White,"₦26,398.80
",4.5,Jacket
FD  Roma Italy 162 Light Down Jacket- Black,"₦26,398.80
",1.3,Jacket
PRL Zip-Thru Performance Jacket-Black,"₦26,398.80
",3.5,Jacket
Vers Lightweight Zip Up Men's Jacket - Black,"₦26,398.80
",2.2,Jacket
Vers Navyblue Lightweight Zip Up Men's Jacket,"₦26,398.80
",2.6,Jacket
Prl Stripes Blocked color Zip Down White Tracksuit,"₦52,999.00
",4.4,Jogging
Lcoste Crocodile Logo Zip Down Polythene Tracksuit- Navyblue,"₦52,999.00
",1.4,Jogging
Lcoste Blocked Designed Colors Zip Down Tracksuit- Blue,"₦52,999.00
",3.1,Jogging
Lcoste Side Branded Monogram Polythene Tracksuit- Navy Blue,"₦52,999.00
",1.9,Jogging
EA EA7 Zip Enclosure Designed Black Tracksuits,"₦54,999.00
",4.7,Jogging
EA EA7 Zip Enclosure Designed Ash Tracksuits,"₦54,999.00
",1.8,Jogging
DG Men's Cotton Tracksuit Embroidered Hand Logo - Navy Blue,"₦54,999.00
",3.4,Jogging
Lcoste Blocked Designed Colors Zip Down Tracksuit- Navyblue,"₦52,999.00
",4.8,Jogging
Lcoste Blocked Designed Colors Zip Down Tracksuit- Red,"₦52,999.00
",3.5,Jogging
Lcoste Crocodile Logo Zip Down Polythene Tracksuit- White,"₦52,999.00
",4.8,Jogging
Lcoste Crocodile Logo Zip Down Polythene Tracksuit- Black,"₦52,999.00
",4.4,Jogging
Kenz Paris Full Embroidered Tiger Head Hooded Tracksuit - Navy Blue,"₦54,999.00
",4.6,Jogging
Kenz Paris Full Embroidered Tiger Head Hooded Tracksuit - Black,"₦54,999.00
",2.4,Jogging
Kenz Paris Full Embroidered Tiger Head Hooded Tracksuit - White,"₦54,999.00
",2.4,Jogging
Empani Two Piece Cotton Designed Track Suit - Navy Blue,"₦54,999.00
",1.6,Jogging
Giv Paris Side Branded Logo Zip Down Tracksuit - Black,"₦54,999.00
",3.8,Jogging
DG Men's Cotton Tracksuit Embroidered Hand Logo - Black,"₦54,999.00
",3.1,Jogging
Prl Branded Logo Two Piece Polythene Designed Zip Up Tracksuit - Black,"₦52,999.00
",3.0,Jogging
Prl Branded Logo Two Piece Polythene Designed Zip Up Tracksuit - Navy Blue,"₦52,999.00
",3.3,Jogging
Prl Branded Logo Two Piece Polythene Designed Zip Up Tracksuit - White,"₦52,999.00
",4.0,Jogging
Prl Jockey Club Breathable Zip Down Polythene Tracksuit- Black,"₦52,999.00
",4.0,Jogging
Prl Jockey Club Breathable Zip Down Polythene Tracksuit- White,"₦52,999.00
",3.9,Jogging
Prl Jockey Club Breathable Zip Down Polythene Tracksuit- Navy Blue,"₦52,999.00
",4.1,Jogging
Prl Red White Blocked Stripes Designed- Navy Blue,"₦52,999.00
",1.5,Jogging
Prl County Rider Big Pony polythene Tracksuit - White,"₦52,999.00
",3.9,Jogging
Prl Multicolor Big Pony Rugby Plain polythene Tracksuit - Black,"₦52,999.00
",4.5,Jogging
Prl Multicolor Big Pony Rugby Plain polythene Tracksuit - Navy Blue,"₦52,999.00
",4.0,Jogging
DG Men's Cotton Tracksuit Embroidered Hand Logo,"₦43,999.00
",2.5,Jogging
Spain Away Jersey 2022,"₦14,999.99
",4.8,Jogging
England Home Jersey 2022,"₦14,999.99
",4.1,Jogging
TH Logo Signature Polyester Colour Blocked-Red NavyBlue,"₦26,398.80
",2.8,Jogging
TH Logo Signature Polyester Colour-Blocked,"₦26,398.80
",2.4,Jogging
TH Tech Polyester Colour-Blocked,"₦26,398.80
",4.1,Jogging
FD  Roma Italy 162 Light Down Jacket- Black,"₦26,398.80
",1.1,Jogging
PRL Zip-Thru Performance Jacket-Black,"₦26,398.80
",2.8,Jogging
DS Branded Two Piece Cotton Designed Track Suit - Black,"₦41,998.80
",4.2,Jogging
PP Branded Two Piece Cotton Designed Track Suit - Black,"₦54,999.00
",4.2,Jogging
FD  Crested Front Side Logo Lightweight Zip  Down Tracksuit-Black,"₦54,999.00
",4.0,Jogging
PP Branded Two Piece Cotton Designed Track Suit - White,"₦41,998.80
",1.8,Jogging
Phil Logo Designed  Two Piece Cotton Designed Track Suit - White,"₦54,999.00
",2.4,Jogging
